{
  "success": true,
  "reprojection_error": 3.96679984078466,
  "num_correspondences": 20,
  "num_pairs": 5,
  "camera_matrix1": [
    [
      918.8240356445312,
      0.0,
      958.3094482421875
    ],
    [
      0.0,
      917.1074829101562,
      539.6575317382812
    ],
    [
      0.0,
      0.0,
      1.0
    ]
  ],
  "camera_matrix2": [
    [
      916.26611328125,
      0.0,
      959.6963500976562
    ],
    [
      0.0,
      930.2112426757812,
      550.820068359375
    ],
    [
      0.0,
      0.0,
      1.0
    ]
  ],
  "dist_coeffs1": [
    [
      0.0059906779788434505,
      -0.01887555792927742,
      -0.00024065811885520816,
      -0.00028981041396036744,
      0.018704473972320557
    ]
  ],
  "dist_coeffs2": [
    [
      0.00034461813629604876,
      -0.0007459837361238897,
      0.00327129359357059,
      -0.0005951939383521676,
      0.002236857544630766
    ]
  ],
  "rotation_matrix": [
    [
      0.5806857923435265,
      0.10551421081912969,
      0.807261272380626
    ],
    [
      -0.05838485266253406,
      0.9944099275536438,
      -0.08797786632063324
    ],
    [
      -0.812031538519253,
      0.003955666564977125,
      0.5836001483482348
    ]
  ],
  "translation_vector": [
    [
      -0.6408876630562318
    ],
    [
      -0.04090530567349223
    ],
    [
      0.3633983908030642
    ]
  ],
  "essential_matrix": [
    [
      0.0544333598044851,
      -0.3615287752215686,
      0.00809867258792526
    ],
    [
      -0.30940071254972074,
      0.040878832319184856,
      0.6673795825749239
    ],
    [
      0.061171261616839855,
      -0.6329889635433177,
      0.08940519825200598
    ]
  ],
  "fundamental_matrix": [
    [
      -1.8698369053729972e-07,
      1.2442096529924248e-06,
      -0.0005178202811565172
    ],
    [
      1.0468873127220234e-06,
      -1.385763823224142e-07,
      -0.003003294767505295
    ],
    [
      -0.0005897330712302389,
      0.0008783036023107852,
      1.0
    ]
  ],
  "image_size": [
    1920,
    1080
  ]
}