{
  "success": true,
  "reprojection_error": 0.7770846202581295,
  "num_correspondences": 8,
  "num_pairs": 2,
  "camera_matrix1": [
    [
      918.8240356445312,
      0.0,
      958.3094482421875
    ],
    [
      0.0,
      917.1074829101562,
      539.6575317382812
    ],
    [
      0.0,
      0.0,
      1.0
    ]
  ],
  "camera_matrix2": [
    [
      916.26611328125,
      0.0,
      959.6963500976562
    ],
    [
      0.0,
      930.2112426757812,
      550.820068359375
    ],
    [
      0.0,
      0.0,
      1.0
    ]
  ],
  "dist_coeffs1": [
    [
      0.0059906779788434505,
      -0.01887555792927742,
      -0.00024065811885520816,
      -0.00028981041396036744,
      0.018704473972320557
    ]
  ],
  "dist_coeffs2": [
    [
      0.00034461813629604876,
      -0.0007459837361238897,
      0.00327129359357059,
      -0.0005951939383521676,
      0.002236857544630766
    ]
  ],
  "rotation_matrix": [
    [
      0.643296676746941,
      0.11172668177845563,
      0.7574209755909308
    ],
    [
      0.049729587874723924,
      0.9811081575473095,
      -0.1869592235861439
    ],
    [
      -0.76400023152886,
      0.157936480183963,
      0.6255874954400454
    ]
  ],
  "translation_vector": [
    [
      -1.5103291374507108
    ],
    [
      -0.576462330075955
    ],
    [
      0.1830692134111656
    ]
  ],
  "essential_matrix": [
    [
      0.4313133971102086,
      -0.27065513004430614,
      -0.3264011472858719
    ],
    [
      -1.036123994095047,
      0.2589897836384676,
      1.0835034846104636
    ],
    [
      0.29572825564704897,
      -1.4173900140246207,
      0.7189946233348663
    ]
  ],
  "fundamental_matrix": [
    [
      7.323219330520953e-07,
      -4.6040228146757773e-07,
      -0.0009625370057845867
    ],
    [
      -1.7328495798879852e-06,
      4.3395418165382777e-07,
      0.003091410113773433
    ],
    [
      0.0007117512407485996,
      -0.002006369852173649,
      1.0
    ]
  ],
  "image_size": [
    1920,
    1080
  ]
}