{
  "camera_matrix": [
    [
      918.8240074010218,
      0.0,
      958.309444431056
    ],
    [
      0.0,
      917.107454220296,
      539.657514258035
    ],
    [
      0.0,
      0.0,
      1.0
    ]
  ],
  "distortion_coefficients": [
    [
      0.005990677909631997,
      -0.018875558359349207,
      -0.00024065811475585351,
      -0.0002898104228275613,
      0.018704473080921234
    ]
  ],
  "calibration_error": 0.02762590587254807,
  "image_width": 1916,
  "image_height": 1079
}