{
  "camera_matrix": [
    [
      916.2660927087198,
      0.0,
      959.6963435278288
    ],
    [
      0.0,
      930.2112242719503,
      550.820052798914
    ],
    [
      0.0,
      0.0,
      1.0
    ]
  ],
  "distortion_coefficients": [
    [
      0.00034461813832289566,
      -0.0007459837139352988,
      0.0032712936089333345,
      -0.0005951939177711862,
      0.002236857643004844
    ]
  ],
  "calibration_error": 0.030618439258112605,
  "image_width": 1919,
  "image_height": 1101
}