                  epoch,         train/box_loss,         train/cls_loss,         train/dfl_loss,   metrics/precision(B),      metrics/recall(B),       metrics/mAP50(B),    metrics/mAP50-95(B),           val/box_loss,           val/cls_loss,           val/dfl_loss,                 lr/pg0,                 lr/pg1,                 lr/pg2
                      1,                 2.7835,                 7.0773,                 1.5163,                 0.1118,                0.25482,                0.04967,                 0.0127,                  2.823,                 11.781,                 1.2792,             0.00046641,             0.00046641,             0.00046641
                      2,                 2.1717,                 2.2509,                 1.1831,                0.38804,                0.38324,                 0.2808,                0.09183,                 2.3564,                 2.0118,                 1.1184,             0.00047609,             0.00047609,             0.00047609
